{"type": "block", "layer": 0, "block": 0, "features": [{"geom": {"lines": [[-130.6220176066272, 38.5769686755375, 39.21020698547363, -125.7906895314809, 43.05678963509854, 39.52215003967285, -129.13418603106402, 47.77349018168752, 40.29829216003418, -124.9658969331067, 51.13456203689566, 40.18961524963379, -121.6234871847555, 46.78171071247198, 40.055667877197266, -116.87453802925302, 50.1535306648002, 40.091976165771484, -115.99032978701871, 48.85719283329672, 40.03516960144043, -109.67046738980571, 53.951573295053095, 39.88591194152832, -105.01612252299674, 48.68174789653858, 38.40243721008301, -111.4299198310473, 42.90699036361184, 38.54242706298828, -110.29293639102252, 41.67268655481166, 38.556095123291016, -123.89272305741906, 30.250039564620238, 39.03082466125488, -130.6220176066272, 38.5769686755375, 39.21020698547363]]}, "mtl": 0}], "featureCount": 1, "startIndex": 0}